trade_id,symbol,side,strategy_id,regime,order_type,entry_price,exit_price,qty,gross_pnl,fee_entry,fee_exit,slippage_cost,net_pnl,net_pnl_pct,r_multiple,entry_ts,exit_ts
932051de,NOMUSDT,SHORT,TF_EMA_RSI_v1,TRENDING,LIMIT,0.00585,0.00581,378460.207612,15.13840830448004,0.4427984429060401,0.43977076124514397,0.0,14.255839100328856,0.6438974358974376,1.1404671280263086,1775859180225,1775859241031
2de07b63,NOMUSDT,LONG,TF_EMA_RSI_v1,TRENDING,LIMIT,0.0058882330000000005,0.00587,383793.225239,-6.9977018757828064,0.45197278680574254,0.45057324643058605,0.0,-7.900247909019135,-0.34958953900092454,-0.6231364002002756,1775865001508,1775865081786
a7be9fc2,GIGGLEUSDT,LONG,TF_EMA_RSI_v1,TRENDING,LIMIT,41.12,41.15,60.396894,1.8119068200000688,0.496704056256,0.4970664376200001,0.0,0.8181363261240686,0.032942607003893815,0.06545090608992549,1776090062571,1776090072498
8fb473c1,BNBUSDT,SHORT,TF_EMA_RSI_v1,TRENDING,LIMIT,601.64,601.38,4.155294,1.080376439999962,0.499998216432,0.499782141144,0.0,0.08059608242396199,0.003223854796886985,0.006447686593916959,1776091748479,1776091798508
709432ec,GIGGLEUSDT,SHORT,TF_EMA_RSI_v1,TRENDING,LIMIT,41.27,41.21,60.545944,3.6327566400001374,0.4997462217760001,0.49901967044800005,0.0,2.6339907477761373,0.10541313302641692,0.2107024036298006,1776092100799,1776092102015
054335d1,TRXUSDT,SHORT,TF_EMA_RSI_v1,TRENDING,LIMIT,0.31999597,0.3195,7834.582105,3.885717686616946,0.5014069400468235,0.5006297965095,0.0,2.8836809500606226,0.11502357545315717,0.2300705247417502,1776093062501,1776096364347
9496ef43,BNBUSDT,SHORT,TF_EMA_RSI_v1,TRENDING,LIMIT,602.41,602.16,4.1611,1.040275,0.5013376502,0.5011295952000001,0.0,0.037807754599999965,0.0015082750950349416,0.003016439783307667,1776094154483,1776094197085
89998787,XRPUSDT,SHORT,TF_EMA_RSI_v1,TRENDING,LIMIT,1.3361,1.3348,2344.181402,3.047435822600185,0.6264121542424401,0.6258026670779201,0.0,1.7952210012798249,0.05731756605045122,0.1145788231605709,1776094201589,1776094242468
e1df4c29,GIGGLEUSDT,SHORT,TF_EMA_RSI_v1,TRENDING,LIMIT,41.72,41.63,90.034741,8.103126689999668,0.751249878904,0.7496292535660001,0.0,6.602247557529667,0.1757670182166738,0.35052521369607426,1776094366807,1776094369178
755acaea,SOLUSDT,SHORT,TF_EMA_RSI_v1,TRENDING,LIMIT,82.41,82.62,61.336508,-12.88066668000049,1.010948324856,1.013524458192,0.0,-14.905139463048489,-0.29487440844558666,-0.5896323570060362,1776094633446,1776095767724
a81060ae,GIGGLEUSDT,SHORT,TF_EMA_RSI_v1,TRENDING,LIMIT,39.1,39.02,10.174476,0.8139580799999827,0.07956440232000002,0.07940161070400001,0.0,0.6549920669759827,0.164644501278768,0.3287287663618483,1776096242227,1776096247016
328b21e4,SOLUSDT,SHORT,TF_EMA_RSI_v1,TRENDING,LIMIT,83.48,83.38,29.93295,2.9932950000002556,0.4997605332,0.49916187419999997,0.0,1.9943725926002556,0.07981312889315828,0.15954980740802044,1776098955679,1776098998896
12bd9c14,AAVEUSDT,SHORT,TF_EMA_RSI_v1,TRENDING,LIMIT,94.71,94.76,26.404405,-1.3202202500003002,0.50015223951,0.50041628356,0.0,-2.3207887730703005,-0.09280329426672092,-0.1852939962051833,1776099902631,1776099972274
cb5a6df7,GIGGLEUSDT,SHORT,TF_EMA_RSI_v1,TRENDING,LIMIT,38.5,38.45,64.954906,3.247745299999815,0.5001527762,0.49950322714000006,0.0,2.2480892966598147,0.0898961038960965,0.1794896004486914,1776099965408,1776099972560
61e1cf08,TRXUSDT,SHORT,TF_EMA_RSI_v1,TRENDING,LIMIT,0.31939578999999996,0.3207,7843.26964,-10.229270697184619,0.5010214605701631,0.5030673147096001,0.0,-11.233359472464382,-0.4484182956826162,-0.8969466202862012,1776100862447,1776113696052
63d67b5f,BNBUSDT,SHORT,TF_EMA_RSI_v1,TRENDING,LIMIT,606.67,606.41,4.127128,1.0730532799999624,0.500760948752,0.500546338096,0.0,0.0717459931519624,0.0028654787611042064,0.005728680385816225,1776101762775,1776102587024
f20741e5,NEARUSDT,SHORT,TF_EMA_RSI_v1,TRENDING,LIMIT,1.4,1.396,1787.959953,7.151839812000007,0.50062878684,0.49919841887759997,0.0,6.1520126062824065,0.24577142857142883,0.4912178701918243,1776101764672,1776102887252
0791f028,GIGGLEUSDT,SHORT,TF_EMA_RSI_v1,TRENDING,LIMIT,37.75,37.94,133.461014,-25.357592659999696,1.0076306557,1.012702174232,0.0,-27.377925489931698,-0.5434119205297954,-1.0862704331893736,1776104161364,1776104264453
7ab33a29,BNBUSDT,SHORT,TF_EMA_RSI_v1,TRENDING,LIMIT,604.83,604.46,0.648617,0.23998829000000296,0.07846060402200002,0.07841260636400002,0.0,0.08311507961400291,0.02118644908486756,0.042373224376244155,1776106800730,1776106978650
98c73e43,GIGGLEUSDT,SHORT,TF_EMA_RSI_v1,TRENDING,LIMIT,38.601577000000006,38.68,10.157003,-0.7965426462689359,0.07841526667874621,0.078574575208,0.0,-0.9535324881556821,-0.24320072571126738,-0.4861241336506154,1776106802052,1776106815420
5fd368a4,ETHUSDT,SHORT,TF_EMA_RSI_v1,TRENDING,LIMIT,2232.03,2231.49,0.175749,0.09490446000007352,0.078455408094,0.07843642720199999,0.0,-0.06198737529592646,-0.015801938145973915,-0.03160202666119116,1776106803087,1776106810271
505b82dd,ADAUSDT,SHORT,TF_EMA_RSI_v1,TRENDING,LIMIT,0.23887164000000002,0.2396,1600.991033,-1.1660978287958534,0.07648627073560084,0.07671949030136001,0.0,-1.3193035898328143,-0.3449778835193593,-0.67321711988203,1776106991441,1776108105752
ff4c74f3,AAVEUSDT,SHORT,TF_EMA_RSI_v1,TRENDING,LIMIT,95.88,96.41,4.078454,-2.1615806200000045,0.078208433904,0.078640750028,0.0,-2.3184298039320046,-0.5928848560700888,-1.1846856432968853,1776109056814,1776109688977
839fc143,GIGGLEUSDT,SHORT,TF_EMA_RSI_v1,TRENDING,LIMIT,39.28,39.45,9.931158,-1.688296860000017,0.078019177248,0.07835683662000001,0.0,-1.844672873868017,-0.4728767820773974,-0.9448232298033277,1776110226089,1776110300679
afe6ea4a,LINKUSDT,LONG,TF_EMA_RSI_v1,TRENDING,LIMIT,8.9973,8.96,42.521626,-1.586056649799929,0.07651596512196,0.076198753792,0.0,-1.738771368713889,-0.45448590132593486,-0.8922724732970129,1776110762093,1776111847797
baea68af,GIGGLEUSDT,SHORT,TF_EMA_RSI_v1,TRENDING,LIMIT,38.4,38.57,10.105642,-1.7179591400000171,0.07761133056,0.077954922388,0.0,-1.8735253929480171,-0.4827968750000044,-0.9631530911721248,1776112168653,1776112210963
058ebe57,ADAUSDT,SHORT,TF_EMA_RSI_v1,TRENDING,LIMIT,0.23917173,0.2398,1604.670574,-1.0081663815270026,0.07675836745273461,0.07696000072904001,0.0,-1.1618847497087772,-0.3027382650951323,-0.6054636527924842,1776113701060,1776114621601
b7cf0552,GIGGLEUSDT,LONG,TF_EMA_RSI_v1,TRENDING,LIMIT,39.18,39.08,63.836578,-6.383657800000091,0.500223425208,0.49894669364800004,0.0,-7.3828279188560915,-0.2951812149055677,-0.5906262335084873,1776117780944,1776117879375
4680e599,LINKUSDT,SHORT,TF_EMA_RSI_v1,TRENDING,LIMIT,9.042712,9.09,271.153959,-12.822328413191999,0.49039343177936157,0.492957897462,0.0,-13.80567974243336,-0.5630450510864441,-1.1126703371642899,1776118260585,1776118465328
035aac75,AAVEUSDT,SHORT,TF_EMA_RSI_v1,TRENDING,LIMIT,98.5,99.05,25.173614,-13.845487699999929,0.4959201958000001,0.49868929334000006,0.0,-14.840097189139929,-0.5984873096446671,-1.1960393295405214,1776118398150,1776118471612
6d0e3c8b,DASHUSDT,SHORT,TF_EMA_RSI_v1,TRENDING,LIMIT,41.38,41.63,13.828479,-3.45711975,0.11444449220399999,0.11513591615400001,0.0,-3.686700158358,-0.6442774287095215,-1.2238415078867348,1776118807752,1776119078104
85c759c2,ADAUSDT,LONG,TF_EMA_RSI_v1,TRENDING,LIMIT,0.2465,0.2472,2418.226607,1.692758624900015,0.1192185717251,0.11955712345008002,0.0,1.453982929724835,0.24391886409736563,0.4845156218883785,1776119156721,1776119472828
f7e880ff,SOLUSDT,SHORT,TF_EMA_RSI_v1,TRENDING,LIMIT,85.91,85.98,4.47707,-0.3133949000000331,0.07692501674,0.07698769572000001,0.0,-0.46730761246003316,-0.1214969153765655,-0.24294651024696293,1776119682357,1776119728271
58944ba5,AVAXUSDT,SHORT,TF_EMA_RSI_v1,TRENDING,LIMIT,9.53,9.55,39.965252,-0.799305040000054,0.076173770312,0.07633363132000001,0.0,-0.9518124416320539,-0.24990556138511383,-0.4950909969477523,1776119821695,1776120132019
e3e6c8f4,BARDUSDT,SHORT,TF_EMA_RSI_v1,TRENDING,LIMIT,0.3354,0.3349,1146.637628,0.5733188140000005,0.07691645208624,0.07680178832343999,0.0,0.41960057359032055,0.10910554561717367,0.21825777559964657,1776119881501,1776119939289
cee415ae,LINKUSDT,LONG,TF_EMA_RSI_v1,TRENDING,LIMIT,9.337197999999999,9.29,40.653916,-1.918783527367994,0.0759187326334736,0.075534975928,0.0,-2.0702372359294676,-0.5453824541366676,-1.0774068362890803,1776121057958,1776121273531
edeee2b0,GIGGLEUSDT,LONG,TF_EMA_RSI_v1,TRENDING,LIMIT,39.9,39.99,9.479537,0.8531583300000324,0.07564670526,0.07581733692600001,0.0,0.7016942878140324,0.1855187969924898,0.36598043488970555,1776121596003,1776121667205
c2a04e5f,ETHUSDT,SHORT,TF_EMA_RSI_v1,TRENDING,LIMIT,2355.97,2355.45,0.162847,0.08468043999999704,0.076732529318,0.07671559322999999,0.0,-0.06876768254800296,-0.017923997334432028,-0.035840768514099626,1776122162305,1776122181424
7323200c,TRXUSDT,LONG,TF_EMA_RSI_v1,TRENDING,LIMIT,0.32760169,0.3273,9098.10814,-2.744808244756792,0.5961111204933514,0.5955621588444,0.0,-3.9364815240945434,-0.13207207142308122,-0.4401549214051192,1776502382795,1776504774396
98d77e75,AVAXUSDT,LONG,TF_EMA_RSI_v1,TRENDING,LIMIT,9.557132000000001,9.53,309.68132,-8.40227357424053,0.5919330506348481,0.59025259592,0.0,-9.584459220795377,-0.32383592065069,-1.0716795872705434,1776503050851,1776503240798
c9978ad3,AUDIOUSDT,LONG,TF_EMA_RSI_v1,TRENDING,LIMIT,0.02493,0.0251,69301.437928,11.78124444776,0.34553696950900803,0.34789321839856,0.0,11.087814259852433,0.6417729643000402,1.2397761768289948,1776503221462,1776503230595
a7fdc5e4,ORDIUSDT,SHORT,TF_EMA_RSI_v1,TRENDING,LIMIT,5.768,5.774,520.219465,-3.1213167900001184,0.600125174824,0.600749438182,0.0,-4.322191403006118,-0.14404299583911628,-0.47970515343959763,1776503461697,1776503507762
3e903f05,SOLUSDT,LONG,TF_EMA_RSI_v1,TRENDING,LIMIT,87.35,87.43,34.388859,2.75110872000043,0.6007733667299999,0.601323588474,0.0,1.5490117647964299,0.05156725815685462,0.17191948644259553,1776503462393,1776503562812
7f77e941,AVNTUSDT,LONG,TF_EMA_RSI_v1,TRENDING,LIMIT,0.14425671,0.1439,20540.463619,-7.326988777533696,0.5926199407103268,0.59115454295482,0.0,-8.510763261198843,-0.28722500464623796,-0.9576535946707972,1776504420770,1776504495584
ca7d2bb3,AUDIOUSDT,SHORT,TF_EMA_RSI_v1,TRENDING,LIMIT,0.024257275000000002,0.02435,18108.957518,-1.6791530858565202,0.0878547924954887,0.08819062311266,0.0,-1.855198501464669,-0.42233290837490345,-1.0183326937450152,1776505387391,1776505436853
4987487a,MOVRUSDT,SHORT,TF_EMA_RSI_v1,TRENDING,LIMIT,2.315,2.31,237.908617,1.1895430849999746,0.11015168967099999,0.109913781054,0.0,0.9694776142749746,0.1760259179265613,0.5332366835019936,1776506643963,1776506712863
bb2df9bb,AUDIOUSDT,LONG,TF_EMA_RSI_v1,TRENDING,LIMIT,0.022913124,0.02297,16456.942147,0.936005041552786,0.07541599121500746,0.07560319222331802,0.0,0.7849858581144604,0.20817490971550118,0.43131091105190134,1776507421393,1776507449146
3aca5e47,LINKUSDT,LONG,TF_EMA_RSI_v1,TRENDING,LIMIT,9.437168,9.41,63.694531,-1.7304530182079767,0.1202191979456416,0.119873107342,0.0,-1.9705453234956183,-0.3278253984669939,-1.0817662074525791,1776507552331,1776507905706
55dc1dff,AVAXUSDT,LONG,TF_EMA_RSI_v1,TRENDING,LIMIT,9.457162,9.43,63.331511,-1.7202105017820364,0.11978727184635642,0.11944322974600001,0.0,-1.9594410033743928,-0.32715345681929286,-1.0756702917075058,1776507871816,1776508214074
312dd282,MOVRUSDT,SHORT,TF_EMA_RSI_v1,TRENDING,LIMIT,2.373,2.368,252.170961,1.2608548050000852,0.11968033809060001,0.11942816712960001,0.0,1.0217462997798852,0.17074589127687895,0.5633491204608728,1776508982949,1776509049524
13ae0a7d,LINKUSDT,SHORT,MR_BB_RSI_v1,MEAN_REVERTING,LIMIT,9.41,9.44,364.984296,-10.949528879999766,0.686900445072,0.689090350848,0.0,-12.325519675919766,-0.358873538788516,-1.5008974167289448,1776513482681,1776513740351
cd078f5f,AVNTUSDT,SHORT,MR_BB_RSI_v1,MEAN_REVERTING,LIMIT,0.1442,0.1445,24724.742654,-7.41742279619987,0.7130615781413601,0.7145450627006,0.0,-8.84502943704183,-0.248085991678221,-1.077072787355467,1776513496332,1776513668686
96451b81,ORDIUSDT,LONG,TF_EMA_RSI_v1,TRENDING,LIMIT,5.581,5.593,138.601632,1.66321958399994,0.15470714163840002,0.1550397855552,0.0,1.35347265680634,0.17497222719941888,0.16481443927939748,1776513544111,1776513558713
b3a69bdd,AUDIOUSDT,LONG,VE_BREAKOUT_ATR_v1,VOLATILITY_EXPANSION,LIMIT,0.02312,0.02255,3968.517573,-2.262055016610004,0.018350425257552,0.017898014254230002,0.0,-2.2983034561217863,-2.504904844290662,-1.2469094271494068,1776513963230,1776513979271
b6f5563b,ORDIUSDT,LONG,MR_BB_RSI_v1,MEAN_REVERTING,LIMIT,5.4773563,5.431,38.245209,-1.7729063819667092,0.04189652729219335,0.04154194601580001,0.0,-1.8563448552747026,-0.8861569085801527,-1.0203060653373104,1776514740622,1776514788082
5a947389,MOVRUSDT,LONG,TF_EMA_RSI_v1,TRENDING,LIMIT,2.321,2.33,81.278747,0.7315087229999916,0.037729594357400004,0.037875896102000005,0.0,0.6559032325405916,0.3476863420939206,0.371027962744989,1776515045970,1776515562813
18066a9c,SUIUSDT,SHORT,TF_EMA_RSI_v1,TRENDING,LIMIT,0.9622,0.9636,1461.223823,-2.045713352199937,0.28119791249812004,0.28160705516856005,0.0,-2.608518319866617,-0.1855289960507126,-1.4744889038870708,1776515880694,1776516193479
8652a272,WLDUSDT,LONG,MR_BB_RSI_v1,MEAN_REVERTING,LIMIT,0.27511744,0.2754,3369.761061,0.9521596853961172,0.18541600730280078,0.18560643923988002,0.0,0.5811372388534364,0.06268468912766391,0.32849315406332963,1776515882155,1776515898015
1bbfbb35,ENAUSDT,LONG,MR_BB_RSI_v1,MEAN_REVERTING,LIMIT,0.12026391,0.1199,5159.946624,-1.8777561759398147,0.12411107127870799,0.12373552004352001,0.0,-2.1256027672620426,-0.34253233742358374,-1.2015164587994136,1776515882521,1776516008138
330ce40e,AVNTUSDT,LONG,MR_BB_RSI_v1,MEAN_REVERTING,LIMIT,0.14405677,0.1442,4589.632526,0.6573730666989535,0.13223352743650021,0.13236500204984,0.0,0.39277453721261324,0.059406195210398104,0.22186891329865743,1776516001902,1776516080529
ddf9c138,MOVRUSDT,LONG,MR_BB_RSI_v1,MEAN_REVERTING,LIMIT,2.266,2.274,80.440639,0.6435251120000006,0.0364556975948,0.03658440261720001,0.0,0.5704850117880006,0.3129744042365405,0.32289167522526635,1776516184618,1776516242615
f988513d,GIGGLEUSDT,LONG,MR_BB_RSI_v1,MEAN_REVERTING,LIMIT,40.65,40.43,6.912726,-1.520799719999992,0.05620046238,0.055896302436,0.0,-1.6328964848159921,-0.581097170971707,-0.9263609717002281,1776516420731,1776516454789
a10c44f9,ENAUSDT,LONG,MR_BB_RSI_v1,MEAN_REVERTING,LIMIT,0.12046385,0.1208,20502.20125,6.891814950187649,0.4939548192099625,0.49533318220000006,0.0,5.902526948777686,0.23899056023861703,0.8397033771183028,1776522181058,1776522335412
99060585,ALICEUSDT,LONG,MR_BB_RSI_v1,MEAN_REVERTING,LIMIT,0.1939418,0.1948,2293.137241,1.9679703802262076,0.08894703283331476,0.08934062690936,0.0,1.7896827204835328,0.4024153844091389,0.2460890643497467,1776523020636,1776523069684
b752ef25,API3USDT,LONG,MR_BB_RSI_v1,MEAN_REVERTING,LIMIT,0.41247622,0.4142,795.474477,1.3712229939630665,0.06562286107588738,0.06589710567468,0.0,1.2397030272124991,0.377826570462658,0.16874054380308423,1776528361038,1776528379216
ce39e62f,AVNTUSDT,LONG,VE_BREAKOUT_ATR_v1,VOLATILITY_EXPANSION,LIMIT,0.1709487,0.164,1058.257166,-7.353511569384203,0.036181537358676845,0.034710835044800006,0.0,-7.42440394178768,-4.103973730130736,-1.0035148061456098,1776528720634,1776528737205
2e603f5a,ENAUSDT,LONG,MR_BB_RSI_v1,MEAN_REVERTING,LIMIT,0.12236327999999999,0.122,20055.889169,-7.285903417314191,0.4908208764070628,0.48936369572359995,0.0,-8.266087989444854,-0.3368270742660655,-1.1656825346125979,1776529099690,1776529153966
ee9bf1c9,ADAUSDT,LONG,MR_BB_RSI_v1,MEAN_REVERTING,LIMIT,0.24942515,0.2491,16546.108564,-5.379967199584997,0.825403122098397,0.8243271286584799,0.0,-7.0296974503418745,-0.1703336772574955,-0.9913269193284457,1776529099754,1776529108289
982b55e1,ALICEUSDT,LONG,TF_EMA_RSI_v1,TRENDING,LIMIT,0.19954012,0.2005,435.698774,0.4182185391871305,0.01738787712956258,0.0174715208374,0.0,0.3833591412201679,0.44094990821897073,0.2213517762111946,1776529163156,1776529165442
f98d8830,SOLUSDT,LONG,TF_EMA_RSI_v1,TRENDING,LIMIT,86.75,86.81,13.704729,0.8222837400000312,0.23777704815000003,0.237941504898,0.0,0.3465651869520312,0.02915043227665968,0.20001453624518453,1776529202751,1776529263627
3bd459cf,HIGHUSDT,LONG,TF_EMA_RSI_v1,TRENDING,LIMIT,0.4158752,0.42,154.076665,0.6355354277919975,0.012815332774441602,0.01294243986,0.0,0.6097776551575559,0.9516376451396918,0.35178127100355133,1776529347595,1776529367001
b4f0e2d6,AVAXUSDT,SHORT,TF_EMA_RSI_v1,TRENDING,LIMIT,9.40282,9.42,80.947161,-1.3906722259799797,0.152226316878804,0.15250445132399998,0.0,-1.6954029941827837,-0.22274768633239553,-0.9774028560952288,1776530165409,1776530365565
a831349b,ALICEUSDT,SHORT,MR_BB_RSI_v1,MEAN_REVERTING,LIMIT,0.20366108,0.2028,575.010134,0.4951297261847121,0.023421436980276943,0.02332241103504,0.0,0.4483858781693952,0.3828850284010997,0.2590029333233567,1776531120634,1776531151933
ba167ea3,SUIUSDT,LONG,MR_BB_RSI_v1,MEAN_REVERTING,LIMIT,0.9604,0.961,1405.024763,0.8430148577999071,0.26987715647704,0.2700457594486,0.0,0.30309194187426713,0.022461474385665755,0.17507621411406374,1776531121788,1776531282976
8e9a3b77,API3USDT,LONG,TF_EMA_RSI_v1,TRENDING,LIMIT,0.41987399999999997,0.421,356.99365,0.40197484990000565,0.02997847036002,0.03005886533,0.0,0.34193751420998564,0.22812205566432212,0.19734374918334718,1776531316313,1776531365386
b0d028de,ORDIUSDT,LONG,MR_BB_RSI_v1,MEAN_REVERTING,LIMIT,5.1014691,5.074,25.47587,-0.6997992206170063,0.0259928727201234,0.025852912876,0.0,-0.7516450062131297,-0.5783470063554879,-0.11562168410729741,1776555180834,1776555302666
1e777700,AAVEUSDT,LONG,MR_BB_RSI_v1,MEAN_REVERTING,LIMIT,102.42,102.55,1.268711,0.16493242999999422,0.025988276124,0.02602126261,0.0,0.11292289126599422,0.08690294864283876,0.01745087874422325,1776555361858,1776555415399
4f9ef03f,TREEUSDT,LONG,TF_EMA_RSI_v1,TRENDING,LIMIT,0.07327801,0.0734,1772.27226,0.2161994929974042,0.02597371687820052,0.026016956776800004,0.0,0.16420881934240367,0.12644229558090123,0.025358868848627678,1776555840377,1776556154886
3857b322,GIGGLEUSDT,SHORT,MR_BB_RSI_v1,MEAN_REVERTING,LIMIT,34.28,34.7,3.783698,-1.5891531600000064,0.025941033488,0.02625886412,0.0,-1.6413530576080064,-1.2654492415402616,-0.2532209780477956,1776556262940,1776556333427
61a3633f,HIGHUSDT,LONG,MR_BB_RSI_v1,MEAN_REVERTING,LIMIT,0.319,0.316,407.310934,-1.221932802000001,0.025986437589200002,0.025742051028800002,0.0,-1.2736612906180012,-0.9802507836990604,-0.19649505401471806,1776556320598,1776556537833
f360ce02,API3USDT,SHORT,MR_BB_RSI_v1,MEAN_REVERTING,LIMIT,0.38041409000000004,0.3784,202.279398,0.4074089127178248,0.015389986623183563,0.015308504840640001,0.0,0.3767104212540012,0.48955262987236453,0.21818048259817052,1776556920616,1776556949587
875ad9c2,PORTALUSDT,LONG,MR_BB_RSI_v1,MEAN_REVERTING,LIMIT,0.010706787,0.01076,12096.306481,0.6436807567734514,0.02590251539575731,0.026031251547112,0.0,0.591746989830582,0.45690310828075564,0.342565120893008,1776556983648,1776557191225
571cd495,API3USDT,SHORT,MR_BB_RSI_v1,MEAN_REVERTING,LIMIT,0.38901667,0.3876,96.029781,0.13604250984927085,0.007471437125089854,0.007444228623120001,0.0,0.121126844101061,0.32423974684684054,0.07007627659882038,1776557520919,1776557585953
7c13fdab,WLDUSDT,LONG,MR_BB_RSI_v1,MEAN_REVERTING,LIMIT,0.262,0.2622,494.809941,0.0989619881999891,0.0259280409084,0.02594783330604,0.0,0.0470861139855491,0.03632061068701449,0.027241026315041425,1776557523222,1776557701801
dc9acec6,PORTALUSDT,SHORT,MR_BB_RSI_v1,MEAN_REVERTING,LIMIT,0.010923275999999999,0.01098,11873.477426,-0.6735111335124364,0.025939454200793514,0.026074156427496,0.0,-0.725524744140726,-0.559398619974457,-0.4196695650975972,1776557647171,1776558059415
2d8801df,LINKUSDT,LONG,MR_BB_RSI_v1,MEAN_REVERTING,LIMIT,9.25,9.26,14.017885,0.140178849999997,0.02593308725,0.025961123019999997,0.0,0.088284639729997,0.06808648648648417,0.051064052131411304,1776557821702,1776557903736
23015218,GIGGLEUSDT,SHORT,MR_BB_RSI_v1,MEAN_REVERTING,LIMIT,34.42,34.74,3.752385,-1.200763200000001,0.02583141834,0.026071570980000004,0.0,-1.252666189320001,-0.969877977919815,-0.7250904082658028,1776559561471,1776559764207
8af723e5,ENAUSDT,SHORT,MR_BB_RSI_v1,MEAN_REVERTING,LIMIT,0.1206,0.1211,1074.376869,-0.5371884345000004,0.025913970080280003,0.02602140776718,0.0,-0.5891238123474605,-0.4546766169154232,-0.34100706896704125,1776559621750,1776559759981
94215a10,SUIUSDT,SHORT,MR_BB_RSI_v1,MEAN_REVERTING,LIMIT,0.9569,0.9561,135.405842,0.10832467360000311,0.02591397004196,0.02589230510724,0.0,0.056518398450803115,0.04362002299091054,0.032714979422784854,1776559744779,1776559828947
7a4656bc,ORDIUSDT,SHORT,MR_BB_RSI_v1,MEAN_REVERTING,LIMIT,5.19,5.177,24.880135,0.3234417550000196,0.025825580130000005,0.025760891778999997,0.0,0.2718552830910196,0.2105317919075296,0.15768867928713434,1776559980750,1776559986196
2766aab9,HIGHUSDT,LONG,MR_BB_RSI_v1,MEAN_REVERTING,LIMIT,0.3089073,0.307,209.947795,-0.4004334294035002,0.012970881298880702,0.012890794613,0.0,-0.4262951053153809,-0.657310934380638,-0.24718491552556007,1776560161187,1776560288011
1c0cf3cf,AAVEUSDT,LONG,MR_BB_RSI_v1,MEAN_REVERTING,LIMIT,98.94,99.07,1.307947,0.17003310999999405,0.025881655236,0.025915661858,0.0,0.11823579290599405,0.0913664847382206,0.06855838623796477,1776560220863,1776560244876
5e79dd8b,GIGGLEUSDT,SHORT,TF_EMA_RSI_v1,TRENDING,LIMIT,32.0,32.02,4.035475,-0.08070950000001262,0.02582704,0.0258431819,0.0,-0.13237972190001263,-0.10251250000000978,-0.02096838767364336,1776578941258,1776579161350
e15e3827,HIGHUSDT,SHORT,TF_EMA_RSI_v1,TRENDING,LIMIT,0.248,0.248,519.183795,0.0,0.025751516232,0.025751516232,0.0,-0.051503032464,-0.04,-0.008164716623969562,1776580261733,1776580851487
74845ba7,PORTALUSDT,SHORT,MR_BB_RSI_v1,MEAN_REVERTING,LIMIT,0.01261,0.01251,10194.719207,1.0194719206999938,0.025711081840054,0.025507187455914,0.0,0.9682536514040259,0.7531800158604235,0.1535448226140225,1776581580533,1776581702687
9faf9390,PORTALUSDT,SHORT,TF_EMA_RSI_v1,TRENDING,LIMIT,0.012313693,0.01223,10512.93948,0.8798594438996504,0.02589062185685993,0.02571464996808,0.0,0.8282541720747105,0.6398101804227293,0.13054885758696022,1776582550092,1776582850065
94e0397f,TREEUSDT,SHORT,MR_BB_RSI_v1,MEAN_REVERTING,LIMIT,0.06651995000000001,0.0665,1946.079474,0.03882428550630912,0.025890621861301265,0.025882857004200004,0.0,-0.012949193359192146,-0.010002999100262876,-0.0020410430236416596,1776582604189,1776583259144
dcdffa7e,GIGGLEUSDT,LONG,TF_EMA_RSI_v1,TRENDING,LIMIT,32.280313,32.35,4.007875,0.2792967851250074,0.025875091892975002,0.025930951250000004,0.0,0.2274907419820324,0.1758376301989446,0.03585693556239083,1776582841457,1776583146886
a233895a,AAVEUSDT,SHORT,MR_BB_RSI_v1,MEAN_REVERTING,LIMIT,92.46,92.44,1.401674,0.028033479999994424,0.025919755608000004,0.025914148912,0.0,-0.023800424520005577,-0.01836469824789528,-0.003727085802876003,1776583510113,1776583533453
84f03fa1,TREEUSDT,SHORT,TF_EMA_RSI_v1,TRENDING,LIMIT,0.06641992000000001,0.066,1951.312263,0.8193950454789681,0.025921200880695796,0.025757321871600007,0.0,0.7677165227266723,0.5923464165569668,0.4443832615921928,1776584040424,1776584047972
092b248c,PORTALUSDT,LONG,TF_EMA_RSI_v1,TRENDING,LIMIT,0.012626211,0.01268,10267.79824,0.5522945995313627,0.025928677416733728,0.02603913633664,0.0,0.500326785777989,0.3859254197478583,0.03899389643579086,1776584220887,1776584290343
5fc8335a,API3USDT,SHORT,TF_EMA_RSI_v1,TRENDING,LIMIT,0.332,0.3312,390.600063,0.3124800504000089,0.0259358441832,0.02587334817312,0.0,0.26067085804368895,0.20101204819277801,0.020252887003425504,1776584340935,1776584431066
3e48b9a7,GIGGLEUSDT,SHORT,MR_BB_RSI_v1,MEAN_REVERTING,LIMIT,32.34,32.25,4.008537,0.3607683300000136,0.025927217316000003,0.02585506365,0.0,0.3089860490340136,0.23834879406309026,0.019174411184586158,1776584641271,1776584708493
77a7fe92,PHBUSDT,SHORT,MR_BB_RSI_v1,MEAN_REVERTING,LIMIT,0.133,0.133,975.913093,0.0,0.025959288273800004,0.025959288273800004,0.0,-0.05191857654760001,-0.04,-0.003221854636979119,1776584700738,1776584767689
0b6ddd18,PORTALUSDT,LONG,MR_BB_RSI_v1,MEAN_REVERTING,LIMIT,0.01242,0.0125,10470.56464,0.8376451712000023,0.026008882565760002,0.0261764116,0.0,0.7854598770342422,0.6039935587761691,0.06083130374100589,1776585180631,1776585522676
25286df7,API3USDT,SHORT,MR_BB_RSI_v1,MEAN_REVERTING,LIMIT,0.3328,0.3348,390.365937,-0.7807318740000007,0.025982756766719996,0.026138903141519995,0.0,-0.8328535339082407,-0.6410817307692315,-0.06419008646824928,1776585663918,1776586249710
67029eab,TREEUSDT,SHORT,TF_EMA_RSI_v1,TRENDING,LIMIT,0.06641992000000001,0.0667,1957.120791,-0.5481503911432568,0.025998361273711353,0.026107991351940002,0.0,-0.6002567437689081,-0.46176506084317487,-0.046263275254255026,1776586080248,1776586247433
7e7d26b4,ORDIUSDT,LONG,ALPHA_TCB_v1,TRENDING,LIMIT,4.3726878,4.381,14.8305725,0.12327468473450977,0.0129698926875531,0.0129945476245,0.0,0.09731024442245667,0.1500555891504685,0.015133315359157828,1776609780512,1776609791534
9bd47441,ZROUSDT,SHORT,ALPHA_PBE_v1,TRENDING,LIMIT,1.6644991999999998,1.669,38.988115,-0.17547770799200754,0.0129791372454016,0.013014232787,0.0,-0.20147107802440914,-0.31045372926584724,-0.031313016276465884,1776609964887,1776610016473
a94daa35,LINKUSDT,LONG,ALPHA_TCB_v1,TRENDING,LIMIT,9.34,9.32,13.888889,-0.2777777799999941,0.025944444652,0.025888889096000005,0.0,-0.3296111137479941,-0.2540899357601668,-0.051292559055724954,1776610021051,1776610465436
93e0a82e,MOVEUSDT,LONG,ALPHA_TCB_v1,TRENDING,LIMIT,0.021,0.021,3088.6244255,0.0,0.0129722225871,0.0129722225871,0.0,-0.0259444451742,-0.04,-0.004037354721246169,1776610382397,1776610684593
ded6e438,TREEUSDT,LONG,ALPHA_PBE_v1,TRENDING,LIMIT,0.06787963,0.0678,240.82088492,-0.019176567066178925,0.0032693665129284355,0.0032655311995152,0.0,-0.02571146477862256,-0.1572871360671783,-0.014870714157676436,1776610681713,1776611109242
ba33c218,ORDIUSDT,SHORT,ALPHA_TCB_v1,TRENDING,LIMIT,4.1122333,4.132,15.7704985,-0.3117307126999487,0.012970393817860009,0.0130327399604,0.0,-0.3377338464782087,-0.5207765488402596,-0.05268119085903831,1776640566326,1776640604102
baad4f9c,ORDIUSDT,SHORT,ALPHA_PBE_v1,TRENDING,LIMIT,4.1792534,4.195,15.511534,-0.24425392128439913,0.01296532624174312,0.013014177026000003,0.0,-0.2702334245521423,-0.4168555723373928,-0.0422411330465724,1776640981782,1776641206610
80f97f63,ZROUSDT,SHORT,ALPHA_PBE_v1,TRENDING,LIMIT,1.5934779,1.599,20.33487825,-0.11229123118432673,0.006480635818113135,0.00650309406435,0.0,-0.12527496106678987,-0.38661317988784694,-0.07250967243548641,1776641266390,1776641783468
c977536e,ORDIUSDT,LONG,ALPHA_TCB_v1,TRENDING,LIMIT,4.2737175,4.252,7.576319,-0.1645387078825021,0.0064758094191765,0.0064429016776,0.0,-0.1774574189792786,-0.5480625123209543,-0.10273093607692405,1776641880618,1776641927397
d2047936,ETHUSDT,SHORT,MR_BB_RSI_v1,MEAN_REVERTING,LIMIT,2317.3,2316.78,0.0161815,0.008414379999999706,0.007499477990000001,0.007497795114000002,0.0,-0.006582893104000297,-0.017555603504078813,-0.0005266314483200237,1776802326121,1776802329491
99a2c2c2,CHIPUSDT,LONG,ALPHA_TCB_v1,TRENDING,LIMIT,0.06714,0.06744,279.47349187,0.08384204756099851,0.0037527700488303602,0.0037695384583425603,0.0,0.0763197390538256,0.4067381590705908,0.006105627969329802,1776805379378,1776805394680
d087732e,CHIPUSDT,LONG,ALPHA_TCB_v1,TRENDING,LIMIT,0.06428070999999999,0.06254,233.35608574,-0.4062052720084737,0.0030000589748376146,0.00291881792043592,0.0,-0.4121241489037472,-2.7474403160761494,-0.03296755824810591,1776809819468,1776809943664
0e7a099d,GUNUSDT,LONG,MR_BB_RSI_v1,MEAN_REVERTING,LIMIT,0.019504147,0.01941,960.71656788,-0.09044858271619767,0.0037475914330533998,0.00372950171651016,0.0,-0.09792567586576123,-0.5226059329844022,-0.007836749911230362,1776823560855,1776823585659
b1ba9b3b,AVAXUSDT,SHORT,MR_BB_RSI_v1,MEAN_REVERTING,LIMIT,9.452834999999999,9.48,1.98325338,-0.05387507806770373,0.0037494733928664595,0.0037602484084800006,0.0,-0.06138479986905019,-0.32743158004981454,-0.019651940027228258,1776823894709,1776823990519
5b607075,SPKUSDT,LONG,MR_BB_RSI_v1,MEAN_REVERTING,LIMIT,0.04425,0.044313,731.62190575,0.04609218006225041,0.0064748538658875,0.00648407230189995,0.0,0.03313325389446296,0.1023444067796623,0.005213976095561232,1777033866870,1777033943073
7c809e86,ADAUSDT,SHORT,MR_BB_RSI_v1,MEAN_REVERTING,LIMIT,0.25117533,0.2509,64.44551475,0.017743783576115085,0.003237424686870223,0.003233875930155,0.0,0.011272482959089862,0.06963858034941671,0.0017735184013671903,1777041548769,1777041701010
6c9b3505,ZAMAUSDT,SHORT,ALPHA_PBE_v1,TRENDING,LIMIT,0.03184,0.03173,507.12879975,0.055784167972499486,0.003229396196808,0.0032182393632135004,0.0,0.049336532412477985,0.3055464824120571,0.007761709837719147,1777077506277,1777077548441
2e41433f,KATUSDT,SHORT,ALPHA_PBE_v1,TRENDING,LIMIT,0.02365,0.02352,682.84409538,0.08876973239940113,0.0032298525711474003,0.0032120986246675204,0.0,0.0823277812035862,0.5097928118393305,0.012947877013649065,1777080961194,1777081013060
e6906f68,CHIPUSDT,SHORT,ALPHA_TCB_v1,TRENDING,LIMIT,0.078743616,0.0786,205.6014825,0.029527662510719834,0.0032379608374021444,0.0032320553049000004,0.0,0.02305764636841769,0.1424207859593331,0.0036244472968573953,1777082520976,1777082523053
d0b4d868,APEUSDT,SHORT,ALPHA_TCB_v1,TRENDING,LIMIT,0.198,0.2045,81.5795395,-0.5302670067499982,0.0032305497642000002,0.0033366031655499995,0.0,-0.5368341596797481,-3.3234848484848367,-0.0843733944739176,1777095840681,1777096609486
b59418f2,KATUSDT,SHORT,ALPHA_TCB_v1,TRENDING,LIMIT,0.023517053,0.02379,688.01850213,-0.18779258610087649,0.0032360335159143648,0.00327359203313454,0.0,-0.1943022116499254,-1.2008664971754714,-0.030640753733449825,1777098541731,1777098725568
858176a0,KATUSDT,SHORT,ALPHA_TCB_v1,TRENDING,LIMIT,0.02399,0.02384,316.925152,0.04753877280000027,0.0015206068792960002,0.0015110991247360003,0.0,0.04450706679596827,0.5853855773238884,0.025801198142590298,1777103520658,1777103522975
bd154e41,ORDIUSDT,SHORT,MR_BB_RSI_v1,MEAN_REVERTING,LIMIT,4.8234466000000005,4.816,3.35390013,0.024975152708060132,0.0032354716357576117,0.003230476605216,0.0,0.01850920446708652,0.11441425888286264,0.0029215987351958895,1777110181413,1777110237024
656ffd6e,API3USDT,LONG,MR_BB_RSI_v1,MEAN_REVERTING,LIMIT,0.38768366,0.3884,41.70410875,0.029874321261976568,0.0032336003034476053,0.0032395751677000008,0.0,0.023401145790828963,0.14473740471807287,0.0036933043655922354,1777117094706,1777117099837
b3696a25,TRUMPUSDT,SHORT,ALPHA_VSE_v1,MEAN_REVERTING,LIMIT,2.5577671,2.555,6.32510462,0.017502196994000737,0.003235628900218801,0.0032321284608200006,0.0,0.011034439632961936,0.06820584172811513,0.0017412718372987119,1777157643643,1777157921747
f1b7278c,HYPERUSDT,SHORT,ALPHA_PBE_v1,TRENDING,LIMIT,0.1628,0.1629,99.0416375,-0.009904163749998909,0.003224795717,0.0032267765497499996,0.0,-0.01635573601674891,-0.10143734643733968,-0.0025808274713208746,1777159620356,1777159726518
299e52ab,ORCAUSDT,LONG,TF_EMA_RSI_v1,TRENDING,LIMIT,1.7864639,1.807,27.15141525,0.5575841787155236,0.009701004635606896,0.00981252147135,0.0,0.5380706526085667,1.1093091340944503,0.08491204592358394,1777195694465,1777196400265
eb03a57b,ZBTUSDT,LONG,ALPHA_TCB_v1,TRENDING,LIMIT,0.17504747,0.1762,92.42308675,0.10652038017197611,0.0032356855010356044,0.0032569895770700004,0.0,0.1000277050938705,0.6182782910258486,0.015732326495945408,1777199459885,1777199512130
d13210d5,ENSOUSDT,SHORT,MR_BB_RSI_v1,MEAN_REVERTING,LIMIT,1.071,1.076,120.784757,-0.603923785000014,0.025872094949399998,0.025992879706400004,0.0,-0.655788759655814,-0.5069467787114954,-0.1030774052051703,1777200210809,1777200266578
f23a399d,ETHUSDT,SHORT,ALPHA_TCB_v1,TRENDING,LIMIT,2332.2,2332.1,0.055477,0.005547699999994955,0.02587669188,0.02587558234,0.0,-0.046204574220005054,-0.035711345510680524,-0.00729227351525466,1777200540399,1777200555384
2e68bad3,CHIPUSDT,LONG,MR_BB_RSI_v1,MEAN_REVERTING,LIMIT,0.06822,0.06835,474.60000375,0.06169800048749584,0.006475442451165,0.0064877820512624996,0.0,0.04873477598506834,0.15052184110230318,0.02825204404931498,1777200659760,1777200661532
a83acd46,ENSOUSDT,LONG,ALPHA_TCB_v1,TRENDING,LIMIT,1.107,1.113,116.87739,0.7012643400000007,0.025876654146,0.026016907014000005,0.0,0.6493707788400007,0.5018970189701902,0.10248583991035648,1777200719793,1777200795085
d8f3b8d4,HYPERUSDT,SHORT,MR_BB_RSI_v1,MEAN_REVERTING,LIMIT,0.1282,0.1281,1007.600942,0.10076009420001687,0.02583488815288,0.02581473613404,0.0,0.04911046991309687,0.038018720748843014,0.028469837630780793,1777200660061,1777200804993
d49a8807,AXSUSDT,LONG,ALPHA_TCB_v1,TRENDING,LIMIT,1.4045785,1.408,92.162308,0.3153333368219969,0.0258898392654356,0.0259529059328,0.0,0.26349059162376126,0.20354749129364905,0.04560791228147426,1777200839769,1777201177834
89eb850d,BTCUSDT,LONG,ALPHA_PBE_v1,TRENDING,LIMIT,78002.42,78004.99,0.00166,0.004266200000011595,0.025896803440000005,0.025897656680000002,0.0,-0.04752826011998842,-0.03670588938137178,-0.008226725307667668,1777201079713,1777201203492
10c31926,ETHUSDT,LONG,ALPHA_TCB_v1,TRENDING,LIMIT,2334.33,2333.91,0.055485,-0.02330370000000404,0.02590406001,0.025899399269999998,0.0,-0.07510715928000404,-0.05798871624834846,-0.00589306859788184,1777201319598,1777201333249
a4fa2728,ENSOUSDT,LONG,ALPHA_TCB_v1,TRENDING,LIMIT,1.1326601,1.129,107.303157,-0.3927402849357059,0.024307600907587143,0.0242290528506,0.0,-0.44127693869389306,-0.36307732743477544,-0.15051913179857865,1777201559983,1777201650803
791e6b9c,TRUMPUSDT,SHORT,MR_BB_RSI_v1,MEAN_REVERTING,LIMIT,2.6868058,2.688,24.095864,-0.02877528078880082,0.01294818143024224,0.0129539364864,0.0,-0.05467739870544306,-0.0844557191293853,-0.031680513764090076,1777201801646,1777201859864
c9741859,ETHUSDT,LONG,ALPHA_TCB_v1,TRENDING,LIMIT,2334.79,2334.09,0.0277185,-0.019402949999994958,0.012943375323000002,0.012939494733000002,0.0,-0.04528582005599496,-0.069975286856626,-0.026240479809940296,1777201922773,1777202091733
57a460e6,AXSUSDT,SHORT,TF_EMA_RSI_v1,TRENDING,LIMIT,1.398,1.397,46.193711,0.04619371099999491,0.012915761595600001,0.0129065228534,0.0,0.02037142655099491,0.03154506437767452,0.011804048297018723,1777201981844,1777202160321
15c28c02,CHIPUSDT,LONG,ALPHA_TCB_v1,TRENDING,LIMIT,0.068739372,0.06837,941.206941,-0.3476554902110583,0.012939594809276212,0.012870063711234,0.0,-0.3734651487315685,-0.5772439620193309,-0.21640117553109775,1777202040555,1777202238285
02c7ef07,RAYUSDT,SHORT,ALPHA_TCB_v1,TRENDING,LIMIT,0.776,0.769,50.865597,0.35605917900000034,0.007894340654400001,0.0078231288186,0.0,0.3403417095270003,0.862242268041238,0.1972080829337121,1777202040753,1777202274333
914f5e65,ENSOUSDT,SHORT,MR_BB_RSI_v1,MEAN_REVERTING,LIMIT,1.0823246,1.076,119.617443,0.7565324799977883,0.025892980229599558,0.0257416737336,0.0,0.7048978260345887,0.5444702153124769,0.4084706646778633,1777204139899,1777204286546
bd916940,HYPERUSDT,SHORT,ALPHA_PBE_v1,TRENDING,LIMIT,0.12723816000000002,0.1272,1017.500573,0.03882782186568946,0.02589298014149314,0.02588521457712,0.0,-0.012950372852923678,-0.010002999100262613,-0.007504417252664819,1777204083060,1777204291924
38263b44,SAHARAUSDT,SHORT,MR_BB_RSI_v1,MEAN_REVERTING,LIMIT,0.024317292999999997,0.02426,5323.984897,0.30502706670380214,0.025892980133584764,0.025831974720244,0.0,0.25330211184997337,0.19565311566545032,0.14678224016339653,1777204200173,1777204316359
